strategy,model,window_id,source_file,class,label_index,vessel_group,split,start_seconds,end_seconds,predicted_label_index,predicted_class,probability_Cargo,probability_Passengership,probability_Tanker,probability_Tug,maximum_probability,true_class_probability,correct,embedding_distance,rms,low_level,vessel_name,session_identifier,source_boundary,file,current_label
class_vessel_balanced_sampling,small_cnn,cargo-15-000000000ms,Cargo/15.wav,Cargo,0,new nada,test,0.0,5.0,2,Tanker,0.3018866777420044,0.1170264258980751,0.5411370396614075,0.039949920028448105,0.5411370396614075,0.3018866777420044,False,5.612754602685919,0.003658457426354289,False,NEW NADA,Cargo-20171114-195740-15,True,Cargo/15.wav,Cargo
class_vessel_balanced_sampling,small_cnn,cargo-15-000005000ms,Cargo/15.wav,Cargo,0,new nada,test,5.0,10.0,2,Tanker,0.31052157282829285,0.12551048398017883,0.5235159993171692,0.04045187681913376,0.5235159993171692,0.31052157282829285,False,4.986771599845944,0.003953290171921253,False,NEW NADA,Cargo-20171114-195740-15,False,Cargo/15.wav,Cargo
class_vessel_balanced_sampling,small_cnn,cargo-15-000010000ms,Cargo/15.wav,Cargo,0,new nada,test,10.0,15.0,2,Tanker,0.3107980489730835,0.11889699101448059,0.5334116220474243,0.03689337894320488,0.5334116220474243,0.3107980489730835,False,5.290994920449158,0.004825038835406303,False,NEW NADA,Cargo-20171114-195740-15,False,Cargo/15.wav,Cargo
class_vessel_balanced_sampling,small_cnn,cargo-15-000015000ms,Cargo/15.wav,Cargo,0,new nada,test,15.0,20.0,2,Tanker,0.32698073983192444,0.13043814897537231,0.502973735332489,0.03960734233260155,0.502973735332489,0.32698073983192444,False,4.702690455740471,0.003000302240252495,False,NEW NADA,Cargo-20171114-195740-15,False,Cargo/15.wav,Cargo
class_vessel_balanced_sampling,small_cnn,cargo-15-000020000ms,Cargo/15.wav,Cargo,0,new nada,test,20.0,25.0,2,Tanker,0.32868385314941406,0.1317954808473587,0.5041223764419556,0.03539833053946495,0.5041223764419556,0.32868385314941406,False,4.479672422895772,0.003535473719239235,False,NEW NADA,Cargo-20171114-195740-15,False,Cargo/15.wav,Cargo
class_vessel_balanced_sampling,small_cnn,cargo-15-000025000ms,Cargo/15.wav,Cargo,0,new nada,test,25.0,30.0,2,Tanker,0.3283499777317047,0.13752049207687378,0.49485519528388977,0.03927436098456383,0.49485519528388977,0.3283499777317047,False,4.484756097824383,0.0026281217578798532,False,NEW NADA,Cargo-20171114-195740-15,False,Cargo/15.wav,Cargo
class_vessel_balanced_sampling,small_cnn,cargo-15-000030000ms,Cargo/15.wav,Cargo,0,new nada,test,30.0,35.0,2,Tanker,0.3357750475406647,0.13379716873168945,0.49622705578804016,0.034200798720121384,0.49622705578804016,0.3357750475406647,False,4.238111292673027,0.002531657461076975,False,NEW NADA,Cargo-20171114-195740-15,False,Cargo/15.wav,Cargo
class_vessel_balanced_sampling,small_cnn,cargo-15-000035000ms,Cargo/15.wav,Cargo,0,new nada,test,35.0,40.0,2,Tanker,0.3393722474575043,0.13460376858711243,0.4948783814907074,0.03114568069577217,0.4948783814907074,0.3393722474575043,False,4.1715307411145215,0.0029895321931689978,False,NEW NADA,Cargo-20171114-195740-15,False,Cargo/15.wav,Cargo
class_vessel_balanced_sampling,small_cnn,cargo-15-000040000ms,Cargo/15.wav,Cargo,0,new nada,test,40.0,45.0,2,Tanker,0.3162347078323364,0.12301074713468552,0.520892322063446,0.039862263947725296,0.520892322063446,0.3162347078323364,False,5.08550721728908,0.003558996831998229,False,NEW NADA,Cargo-20171114-195740-15,False,Cargo/15.wav,Cargo
class_vessel_balanced_sampling,small_cnn,cargo-15-000045000ms,Cargo/15.wav,Cargo,0,new nada,test,45.0,50.0,2,Tanker,0.3124576210975647,0.1174035370349884,0.5348816514015198,0.03525720536708832,0.5348816514015198,0.3124576210975647,False,5.2933001200865455,0.003816763637587428,False,NEW NADA,Cargo-20171114-195740-15,False,Cargo/15.wav,Cargo
class_vessel_balanced_sampling,small_cnn,cargo-15-000050000ms,Cargo/15.wav,Cargo,0,new nada,test,50.0,55.0,2,Tanker,0.33102861046791077,0.13003937900066376,0.5070205330848694,0.03191141039133072,0.5070205330848694,0.33102861046791077,False,4.370458061434615,0.002168123610317707,False,NEW NADA,Cargo-20171114-195740-15,False,Cargo/15.wav,Cargo
class_vessel_balanced_sampling,small_cnn,cargo-15-000055000ms,Cargo/15.wav,Cargo,0,new nada,test,55.0,60.0,2,Tanker,0.3323347270488739,0.12731033563613892,0.5081238150596619,0.03223123401403427,0.5081238150596619,0.3323347270488739,False,4.6478451157494955,0.00237851869314909,False,NEW NADA,Cargo-20171114-195740-15,False,Cargo/15.wav,Cargo
class_vessel_balanced_sampling,small_cnn,cargo-15-000060000ms,Cargo/15.wav,Cargo,0,new nada,test,60.0,65.0,2,Tanker,0.318872332572937,0.12107861787080765,0.5236254930496216,0.03642355650663376,0.5236254930496216,0.318872332572937,False,4.956575894299216,0.00283614220097661,False,NEW NADA,Cargo-20171114-195740-15,False,Cargo/15.wav,Cargo
class_vessel_balanced_sampling,small_cnn,cargo-15-000065000ms,Cargo/15.wav,Cargo,0,new nada,test,65.0,70.0,2,Tanker,0.3230278789997101,0.1319681853055954,0.5170586109161377,0.027945291250944138,0.5170586109161377,0.3230278789997101,False,4.353578910377286,0.004978422075510025,False,NEW NADA,Cargo-20171114-195740-15,False,Cargo/15.wav,Cargo
class_vessel_balanced_sampling,small_cnn,cargo-15-000070000ms,Cargo/15.wav,Cargo,0,new nada,test,70.0,75.0,2,Tanker,0.3195382356643677,0.12501788139343262,0.5213896632194519,0.03405415266752243,0.5213896632194519,0.3195382356643677,False,4.761677189320911,0.003616556990891695,False,NEW NADA,Cargo-20171114-195740-15,False,Cargo/15.wav,Cargo
class_vessel_balanced_sampling,small_cnn,cargo-15-000075000ms,Cargo/15.wav,Cargo,0,new nada,test,75.0,80.0,2,Tanker,0.3267679512500763,0.13353922963142395,0.5055555105209351,0.034137383103370667,0.5055555105209351,0.3267679512500763,False,4.335474168047618,0.00355411390773952,False,NEW NADA,Cargo-20171114-195740-15,False,Cargo/15.wav,Cargo
class_vessel_balanced_sampling,small_cnn,cargo-15-000080000ms,Cargo/15.wav,Cargo,0,new nada,test,80.0,85.0,2,Tanker,0.33008790016174316,0.12670521438121796,0.5129768252372742,0.030230065807700157,0.5129768252372742,0.33008790016174316,False,4.461378683920758,0.005581361707299948,False,NEW NADA,Cargo-20171114-195740-15,False,Cargo/15.wav,Cargo
class_vessel_balanced_sampling,small_cnn,cargo-15-000085000ms,Cargo/15.wav,Cargo,0,new nada,test,85.0,90.0,2,Tanker,0.3396904766559601,0.14015695452690125,0.49169719219207764,0.028455322608351707,0.49169719219207764,0.3396904766559601,False,3.8317701678072207,0.0044008949771523476,False,NEW NADA,Cargo-20171114-195740-15,False,Cargo/15.wav,Cargo
class_vessel_balanced_sampling,small_cnn,cargo-15-000090000ms,Cargo/15.wav,Cargo,0,new nada,test,90.0,95.0,2,Tanker,0.344353586435318,0.14087867736816406,0.4800328016281128,0.03473486378788948,0.4800328016281128,0.344353586435318,False,3.913487114138282,0.002846846356987953,False,NEW NADA,Cargo-20171114-195740-15,False,Cargo/15.wav,Cargo
class_vessel_balanced_sampling,small_cnn,cargo-15-000095000ms,Cargo/15.wav,Cargo,0,new nada,test,95.0,100.0,2,Tanker,0.34020906686782837,0.14181430637836456,0.47551020979881287,0.0424664244055748,0.47551020979881287,0.34020906686782837,False,4.148076476420449,0.003207456786185503,False,NEW NADA,Cargo-20171114-195740-15,False,Cargo/15.wav,Cargo
class_vessel_balanced_sampling,small_cnn,cargo-15-000100000ms,Cargo/15.wav,Cargo,0,new nada,test,100.0,105.0,2,Tanker,0.3308696448802948,0.1336526870727539,0.49470722675323486,0.040770381689071655,0.49470722675323486,0.3308696448802948,False,4.562504694110917,0.0028199243824929,False,NEW NADA,Cargo-20171114-195740-15,False,Cargo/15.wav,Cargo
class_vessel_balanced_sampling,small_cnn,cargo-15-000105000ms,Cargo/15.wav,Cargo,0,new nada,test,105.0,110.0,2,Tanker,0.3370119631290436,0.13355784118175507,0.4980863034725189,0.03134391829371452,0.4980863034725189,0.3370119631290436,False,4.14591274331466,0.003471903270110488,False,NEW NADA,Cargo-20171114-195740-15,False,Cargo/15.wav,Cargo
class_vessel_balanced_sampling,small_cnn,cargo-15-000110000ms,Cargo/15.wav,Cargo,0,new nada,test,110.0,115.0,2,Tanker,0.32869067788124084,0.1306845098733902,0.5059784650802612,0.03464636206626892,0.5059784650802612,0.32869067788124084,False,4.472903625152661,0.0022379951551556587,False,NEW NADA,Cargo-20171114-195740-15,False,Cargo/15.wav,Cargo
class_vessel_balanced_sampling,small_cnn,cargo-15-000115000ms,Cargo/15.wav,Cargo,0,new nada,test,115.0,120.0,2,Tanker,0.34505966305732727,0.14038172364234924,0.48756083846092224,0.026997815817594528,0.48756083846092224,0.34505966305732727,False,3.7464929030075624,0.0027139356825500727,False,NEW NADA,Cargo-20171114-195740-15,False,Cargo/15.wav,Cargo
class_vessel_balanced_sampling,small_cnn,cargo-15-000120000ms,Cargo/15.wav,Cargo,0,new nada,test,120.0,125.0,2,Tanker,0.3458913266658783,0.14343874156475067,0.4791264832019806,0.03154344856739044,0.4791264832019806,0.3458913266658783,False,3.6625611012369084,0.0025757837574929,False,NEW NADA,Cargo-20171114-195740-15,False,Cargo/15.wav,Cargo
class_vessel_balanced_sampling,small_cnn,cargo-15-000125000ms,Cargo/15.wav,Cargo,0,new nada,test,125.0,130.0,2,Tanker,0.33665400743484497,0.13246676325798035,0.4996425211429596,0.031236769631505013,0.4996425211429596,0.33665400743484497,False,4.25493597966301,0.003064830554649234,False,NEW NADA,Cargo-20171114-195740-15,False,Cargo/15.wav,Cargo
class_vessel_balanced_sampling,small_cnn,cargo-15-000130000ms,Cargo/15.wav,Cargo,0,new nada,test,130.0,135.0,2,Tanker,0.34053513407707214,0.14562931656837463,0.48562148213386536,0.028214041143655777,0.48562148213386536,0.34053513407707214,False,3.51141062549889,0.002937896642833948,False,NEW NADA,Cargo-20171114-195740-15,False,Cargo/15.wav,Cargo
class_vessel_balanced_sampling,small_cnn,cargo-15-000135000ms,Cargo/15.wav,Cargo,0,new nada,test,135.0,140.0,2,Tanker,0.34526315331459045,0.14750683307647705,0.47440898418426514,0.03282099589705467,0.47440898418426514,0.34526315331459045,False,3.5747776014810877,0.003216381650418043,False,NEW NADA,Cargo-20171114-195740-15,False,Cargo/15.wav,Cargo
class_vessel_balanced_sampling,small_cnn,cargo-15-000140000ms,Cargo/15.wav,Cargo,0,new nada,test,140.0,145.0,2,Tanker,0.34404227137565613,0.1404915452003479,0.48491203784942627,0.03055417723953724,0.48491203784942627,0.34404227137565613,False,3.826827780753405,0.0033080163411796093,False,NEW NADA,Cargo-20171114-195740-15,False,Cargo/15.wav,Cargo
class_vessel_balanced_sampling,small_cnn,cargo-15-000145000ms,Cargo/15.wav,Cargo,0,new nada,test,145.0,150.0,2,Tanker,0.32802948355674744,0.13573788106441498,0.5035017728805542,0.032730910927057266,0.5035017728805542,0.32802948355674744,False,4.183986510814635,0.004226529970765114,False,NEW NADA,Cargo-20171114-195740-15,False,Cargo/15.wav,Cargo
class_vessel_balanced_sampling,small_cnn,cargo-15-000150000ms,Cargo/15.wav,Cargo,0,new nada,test,150.0,155.0,2,Tanker,0.3405476212501526,0.13564524054527283,0.49483850598335266,0.028968671336770058,0.49483850598335266,0.3405476212501526,False,3.972676592751196,0.0031377519480884075,False,NEW NADA,Cargo-20171114-195740-15,False,Cargo/15.wav,Cargo
class_vessel_balanced_sampling,small_cnn,cargo-15-000155000ms,Cargo/15.wav,Cargo,0,new nada,test,155.0,160.0,2,Tanker,0.35692399740219116,0.1480090171098709,0.4631604850292206,0.03190651535987854,0.4631604850292206,0.35692399740219116,False,3.4912941039197976,0.0020391198340803385,False,NEW NADA,Cargo-20171114-195740-15,False,Cargo/15.wav,Cargo
class_vessel_balanced_sampling,small_cnn,cargo-15-000160000ms,Cargo/15.wav,Cargo,0,new nada,test,160.0,165.0,2,Tanker,0.36034950613975525,0.152248352766037,0.46249890327453613,0.024903245270252228,0.46249890327453613,0.36034950613975525,False,3.131624037113348,0.003965834621340036,False,NEW NADA,Cargo-20171114-195740-15,False,Cargo/15.wav,Cargo
class_vessel_balanced_sampling,small_cnn,cargo-15-000165000ms,Cargo/15.wav,Cargo,0,new nada,test,165.0,170.0,2,Tanker,0.3432711064815521,0.1450650542974472,0.48676228523254395,0.024901555851101875,0.48676228523254395,0.3432711064815521,False,3.5540287001512367,0.004783943295478821,False,NEW NADA,Cargo-20171114-195740-15,False,Cargo/15.wav,Cargo
class_vessel_balanced_sampling,small_cnn,cargo-15-000170000ms,Cargo/15.wav,Cargo,0,new nada,test,170.0,175.0,2,Tanker,0.3528742492198944,0.16064870357513428,0.45645153522491455,0.030025534331798553,0.45645153522491455,0.3528742492198944,False,3.2425545456516995,0.0024984737392514944,False,NEW NADA,Cargo-20171114-195740-15,False,Cargo/15.wav,Cargo
class_vessel_balanced_sampling,small_cnn,cargo-15-000175000ms,Cargo/15.wav,Cargo,0,new nada,test,175.0,180.0,2,Tanker,0.3377630412578583,0.14733263850212097,0.4893711805343628,0.025533102452754974,0.4893711805343628,0.3377630412578583,False,3.482934241333833,0.005568778607994318,False,NEW NADA,Cargo-20171114-195740-15,False,Cargo/15.wav,Cargo
class_vessel_balanced_sampling,small_cnn,cargo-15-000180000ms,Cargo/15.wav,Cargo,0,new nada,test,180.0,185.0,2,Tanker,0.33328408002853394,0.15704335272312164,0.47602322697639465,0.033649347722530365,0.47602322697639465,0.33328408002853394,False,3.4287346862511106,0.0029716885183006525,False,NEW NADA,Cargo-20171114-195740-15,True,Cargo/15.wav,Cargo
class_vessel_balanced_sampling,small_cnn,passengership-12-000000000ms,Passengership/12.wav,Passengership,1,malaspina,test,0.0,5.0,2,Tanker,0.3454171419143677,0.24671785533428192,0.3853357136249542,0.022529326379299164,0.3853357136249542,0.24671785533428192,False,3.096283977584413,0.004434461705386639,False,MALASPINA,Passengership-20160528-040358-12,True,Passengership/12.wav,Passengership
class_vessel_balanced_sampling,small_cnn,passengership-12-000005000ms,Passengership/12.wav,Passengership,1,malaspina,test,5.0,10.0,2,Tanker,0.35022997856140137,0.2514496147632599,0.3746451139450073,0.023675382137298584,0.3746451139450073,0.2514496147632599,False,2.981867964682108,0.0037254123017191887,False,MALASPINA,Passengership-20160528-040358-12,False,Passengership/12.wav,Passengership
class_vessel_balanced_sampling,small_cnn,passengership-12-000010000ms,Passengership/12.wav,Passengership,1,malaspina,test,10.0,15.0,2,Tanker,0.350162535905838,0.23728187382221222,0.39042291045188904,0.022132625803351402,0.39042291045188904,0.23728187382221222,False,2.3739985705680007,0.00408713985234499,False,MALASPINA,Passengership-20160528-040358-12,True,Passengership/12.wav,Passengership
class_vessel_balanced_sampling,small_cnn,passengership-16-000000000ms,Passengership/16.wav,Passengership,1,malaspina,test,0.0,5.0,2,Tanker,0.34963902831077576,0.2474757432937622,0.37633824348449707,0.02654697187244892,0.37633824348449707,0.2474757432937622,False,4.3115781424575585,0.0027707836125046015,False,MALASPINA,Passengership-20160604-040249-16,True,Passengership/16.wav,Passengership
class_vessel_balanced_sampling,small_cnn,passengership-16-000005000ms,Passengership/16.wav,Passengership,1,malaspina,test,5.0,10.0,2,Tanker,0.35774901509284973,0.23661956191062927,0.38111868500709534,0.024512749165296555,0.38111868500709534,0.23661956191062927,False,4.055885966847677,0.0032091836910694838,False,MALASPINA,Passengership-20160604-040249-16,True,Passengership/16.wav,Passengership
class_vessel_balanced_sampling,small_cnn,passengership-4-000000000ms,Passengership/4.wav,Passengership,1,malaspina,test,0.0,5.0,2,Tanker,0.3334486782550812,0.2052423506975174,0.4275902807712555,0.033718664199113846,0.4275902807712555,0.2052423506975174,False,3.2917003831842164,0.003422692185267806,False,MALASPINA,Passengership-20160507-043512-4,True,Passengership/4.wav,Passengership
class_vessel_balanced_sampling,small_cnn,passengership-4-000005000ms,Passengership/4.wav,Passengership,1,malaspina,test,5.0,10.0,2,Tanker,0.33715492486953735,0.21868877112865448,0.41261816024780273,0.031538113951683044,0.41261816024780273,0.21868877112865448,False,3.2660749343159576,0.003363681025803089,False,MALASPINA,Passengership-20160507-043512-4,False,Passengership/4.wav,Passengership
class_vessel_balanced_sampling,small_cnn,passengership-4-000010000ms,Passengership/4.wav,Passengership,1,malaspina,test,10.0,15.0,2,Tanker,0.34116873145103455,0.20377786457538605,0.42901721596717834,0.026036115363240242,0.42901721596717834,0.20377786457538605,False,2.696944606826572,0.003553215181455016,False,MALASPINA,Passengership-20160507-043512-4,False,Passengership/4.wav,Passengership
class_vessel_balanced_sampling,small_cnn,passengership-4-000015000ms,Passengership/4.wav,Passengership,1,malaspina,test,15.0,20.0,2,Tanker,0.3264581263065338,0.20474551618099213,0.4361143112182617,0.03268206864595413,0.4361143112182617,0.20474551618099213,False,3.7363123239771308,0.0034937732852995396,False,MALASPINA,Passengership-20160507-043512-4,False,Passengership/4.wav,Passengership
class_vessel_balanced_sampling,small_cnn,passengership-4-000020000ms,Passengership/4.wav,Passengership,1,malaspina,test,20.0,25.0,2,Tanker,0.33417263627052307,0.21105603873729706,0.42077839374542236,0.0339929461479187,0.42077839374542236,0.21105603873729706,False,3.55743403880389,0.0035014369059354067,False,MALASPINA,Passengership-20160507-043512-4,False,Passengership/4.wav,Passengership
class_vessel_balanced_sampling,small_cnn,passengership-4-000025000ms,Passengership/4.wav,Passengership,1,malaspina,test,25.0,30.0,2,Tanker,0.3441387712955475,0.21766288578510284,0.41330793499946594,0.024890387430787086,0.41330793499946594,0.21766288578510284,False,2.9698317863690296,0.003698897548019886,False,MALASPINA,Passengership-20160507-043512-4,False,Passengership/4.wav,Passengership
class_vessel_balanced_sampling,small_cnn,passengership-4-000030000ms,Passengership/4.wav,Passengership,1,malaspina,test,30.0,35.0,2,Tanker,0.3391517698764801,0.2225528061389923,0.4140324890613556,0.024262933060526848,0.4140324890613556,0.2225528061389923,False,3.364269592571059,0.003925808239728212,False,MALASPINA,Passengership-20160507-043512-4,False,Passengership/4.wav,Passengership
class_vessel_balanced_sampling,small_cnn,passengership-4-000035000ms,Passengership/4.wav,Passengership,1,malaspina,test,35.0,40.0,2,Tanker,0.33173516392707825,0.2252780646085739,0.4135545492172241,0.029432225972414017,0.4135545492172241,0.2252780646085739,False,3.6557584245198806,0.0036092170048505068,False,MALASPINA,Passengership-20160507-043512-4,False,Passengership/4.wav,Passengership
class_vessel_balanced_sampling,small_cnn,passengership-4-000040000ms,Passengership/4.wav,Passengership,1,malaspina,test,40.0,45.0,2,Tanker,0.3239533007144928,0.2244993895292282,0.4224146604537964,0.029132666066288948,0.4224146604537964,0.2244993895292282,False,4.2342076555965775,0.0038333043921738863,False,MALASPINA,Passengership-20160507-043512-4,False,Passengership/4.wav,Passengership
class_vessel_balanced_sampling,small_cnn,passengership-4-000045000ms,Passengership/4.wav,Passengership,1,malaspina,test,45.0,50.0,2,Tanker,0.33582842350006104,0.2448444962501526,0.39766910672187805,0.021657977253198624,0.39766910672187805,0.2448444962501526,False,3.9357071001974178,0.003778431797400117,False,MALASPINA,Passengership-20160507-043512-4,False,Passengership/4.wav,Passengership
class_vessel_balanced_sampling,small_cnn,passengership-4-000050000ms,Passengership/4.wav,Passengership,1,malaspina,test,50.0,55.0,2,Tanker,0.3460801839828491,0.25007161498069763,0.3859221637248993,0.017926054075360298,0.3859221637248993,0.25007161498069763,False,3.8769519175132254,0.0039699808694422245,False,MALASPINA,Passengership-20160507-043512-4,False,Passengership/4.wav,Passengership
class_vessel_balanced_sampling,small_cnn,passengership-4-000055000ms,Passengership/4.wav,Passengership,1,malaspina,test,55.0,60.0,2,Tanker,0.34444770216941833,0.2420816421508789,0.3940344452857971,0.01943616382777691,0.3940344452857971,0.2420816421508789,False,3.9402921501089643,0.0038465706165879965,False,MALASPINA,Passengership-20160507-043512-4,False,Passengership/4.wav,Passengership
class_vessel_balanced_sampling,small_cnn,passengership-4-000060000ms,Passengership/4.wav,Passengership,1,malaspina,test,60.0,65.0,2,Tanker,0.3409901261329651,0.24114707112312317,0.3953794538974762,0.022483333945274353,0.3953794538974762,0.24114707112312317,False,3.8210379333070223,0.0038521448150277138,False,MALASPINA,Passengership-20160507-043512-4,False,Passengership/4.wav,Passengership
class_vessel_balanced_sampling,small_cnn,passengership-4-000065000ms,Passengership/4.wav,Passengership,1,malaspina,test,65.0,70.0,2,Tanker,0.33768031001091003,0.26256752014160156,0.3791792392730713,0.020572949200868607,0.3791792392730713,0.26256752014160156,False,4.288002157831947,0.0037556311581283808,False,MALASPINA,Passengership-20160507-043512-4,False,Passengership/4.wav,Passengership
class_vessel_balanced_sampling,small_cnn,passengership-4-000070000ms,Passengership/4.wav,Passengership,1,malaspina,test,70.0,75.0,2,Tanker,0.34048277139663696,0.2597437798976898,0.38202330470085144,0.017750123515725136,0.38202330470085144,0.2597437798976898,False,4.413374189764778,0.004061545245349407,False,MALASPINA,Passengership-20160507-043512-4,False,Passengership/4.wav,Passengership
class_vessel_balanced_sampling,small_cnn,passengership-4-000075000ms,Passengership/4.wav,Passengership,1,malaspina,test,75.0,80.0,2,Tanker,0.3411501944065094,0.25024309754371643,0.38981956243515015,0.018787145614624023,0.38981956243515015,0.25024309754371643,False,4.211943325026496,0.004003452602773905,False,MALASPINA,Passengership-20160507-043512-4,False,Passengership/4.wav,Passengership
class_vessel_balanced_sampling,small_cnn,passengership-4-000080000ms,Passengership/4.wav,Passengership,1,malaspina,test,80.0,85.0,2,Tanker,0.33099254965782166,0.23910589516162872,0.4074631333351135,0.02243841253221035,0.4074631333351135,0.23910589516162872,False,4.6410855709843615,0.00407605292275548,False,MALASPINA,Passengership-20160507-043512-4,False,Passengership/4.wav,Passengership
class_vessel_balanced_sampling,small_cnn,passengership-4-000085000ms,Passengership/4.wav,Passengership,1,malaspina,test,85.0,90.0,2,Tanker,0.32428789138793945,0.2085193246603012,0.4427349865436554,0.024457795545458794,0.4427349865436554,0.2085193246603012,False,4.719335045442336,0.004504350479692221,False,MALASPINA,Passengership-20160507-043512-4,False,Passengership/4.wav,Passengership
class_vessel_balanced_sampling,small_cnn,passengership-4-000090000ms,Passengership/4.wav,Passengership,1,malaspina,test,90.0,95.0,2,Tanker,0.31916478276252747,0.19361773133277893,0.4600381553173065,0.027179362252354622,0.4600381553173065,0.19361773133277893,False,4.241953656575108,0.004870797041803598,False,MALASPINA,Passengership-20160507-043512-4,False,Passengership/4.wav,Passengership
class_vessel_balanced_sampling,small_cnn,passengership-4-000095000ms,Passengership/4.wav,Passengership,1,malaspina,test,95.0,100.0,2,Tanker,0.33505457639694214,0.19617928564548492,0.4516674876213074,0.017098670825362206,0.4516674876213074,0.19617928564548492,False,3.710254361888338,0.004938843660056591,False,MALASPINA,Passengership-20160507-043512-4,False,Passengership/4.wav,Passengership
class_vessel_balanced_sampling,small_cnn,passengership-4-000100000ms,Passengership/4.wav,Passengership,1,malaspina,test,100.0,105.0,2,Tanker,0.33337610960006714,0.20700086653232574,0.4390757977962494,0.020547186955809593,0.4390757977962494,0.20700086653232574,False,3.4656235365245016,0.004531672690063715,False,MALASPINA,Passengership-20160507-043512-4,False,Passengership/4.wav,Passengership
class_vessel_balanced_sampling,small_cnn,passengership-4-000105000ms,Passengership/4.wav,Passengership,1,malaspina,test,105.0,110.0,2,Tanker,0.33990779519081116,0.2307581901550293,0.41144153475761414,0.017892559990286827,0.41144153475761414,0.2307581901550293,False,4.090567042903371,0.0038437405601143837,False,MALASPINA,Passengership-20160507-043512-4,False,Passengership/4.wav,Passengership
class_vessel_balanced_sampling,small_cnn,passengership-4-000110000ms,Passengership/4.wav,Passengership,1,malaspina,test,110.0,115.0,2,Tanker,0.3328406512737274,0.23205558955669403,0.4134765863418579,0.021627182140946388,0.4134765863418579,0.23205558955669403,False,3.817738586553219,0.0035707324277609587,False,MALASPINA,Passengership-20160507-043512-4,False,Passengership/4.wav,Passengership
class_vessel_balanced_sampling,small_cnn,passengership-4-000115000ms,Passengership/4.wav,Passengership,1,malaspina,test,115.0,120.0,2,Tanker,0.32306012511253357,0.22026164829730988,0.4253063499927521,0.03137189522385597,0.4253063499927521,0.22026164829730988,False,4.242815985433776,0.003696160390973091,False,MALASPINA,Passengership-20160507-043512-4,False,Passengership/4.wav,Passengership
class_vessel_balanced_sampling,small_cnn,passengership-4-000120000ms,Passengership/4.wav,Passengership,1,malaspina,test,120.0,125.0,2,Tanker,0.32277795672416687,0.20931777358055115,0.4300195574760437,0.037884801626205444,0.4300195574760437,0.20931777358055115,False,4.29783934931272,0.0031686313450336456,False,MALASPINA,Passengership-20160507-043512-4,False,Passengership/4.wav,Passengership
class_vessel_balanced_sampling,small_cnn,passengership-4-000125000ms,Passengership/4.wav,Passengership,1,malaspina,test,125.0,130.0,2,Tanker,0.33343183994293213,0.2273104339838028,0.4049733281135559,0.03428440913558006,0.4049733281135559,0.2273104339838028,False,3.909538339641838,0.002888916991651058,False,MALASPINA,Passengership-20160507-043512-4,False,Passengership/4.wav,Passengership
class_vessel_balanced_sampling,small_cnn,passengership-4-000130000ms,Passengership/4.wav,Passengership,1,malaspina,test,130.0,135.0,2,Tanker,0.3505030870437622,0.23661169409751892,0.3885248899459839,0.024360399693250656,0.3885248899459839,0.23661169409751892,False,3.1766418524069637,0.0031228584703058004,False,MALASPINA,Passengership-20160507-043512-4,False,Passengership/4.wav,Passengership
class_vessel_balanced_sampling,small_cnn,passengership-4-000135000ms,Passengership/4.wav,Passengership,1,malaspina,test,135.0,140.0,2,Tanker,0.32789143919944763,0.20893028378486633,0.4189726710319519,0.04420555382966995,0.4189726710319519,0.20893028378486633,False,5.084335036273055,0.00295615172944963,False,MALASPINA,Passengership-20160507-043512-4,False,Passengership/4.wav,Passengership
class_vessel_balanced_sampling,small_cnn,passengership-4-000140000ms,Passengership/4.wav,Passengership,1,malaspina,test,140.0,145.0,2,Tanker,0.32180944085121155,0.2096860259771347,0.42092210054397583,0.047582387924194336,0.42092210054397583,0.2096860259771347,False,4.999115865703668,0.00301742902956903,False,MALASPINA,Passengership-20160507-043512-4,False,Passengership/4.wav,Passengership
class_vessel_balanced_sampling,small_cnn,passengership-4-000145000ms,Passengership/4.wav,Passengership,1,malaspina,test,145.0,150.0,2,Tanker,0.3351183235645294,0.21532155573368073,0.41831129789352417,0.031248850747942924,0.41831129789352417,0.21532155573368073,False,3.7518850334956695,0.0031645698472857475,False,MALASPINA,Passengership-20160507-043512-4,False,Passengership/4.wav,Passengership
class_vessel_balanced_sampling,small_cnn,passengership-4-000150000ms,Passengership/4.wav,Passengership,1,malaspina,test,150.0,155.0,2,Tanker,0.31285274028778076,0.19299528002738953,0.4557802975177765,0.03837168216705322,0.4557802975177765,0.19299528002738953,False,4.271659035321418,0.0034174255561083555,False,MALASPINA,Passengership-20160507-043512-4,False,Passengership/4.wav,Passengership
class_vessel_balanced_sampling,small_cnn,passengership-4-000155000ms,Passengership/4.wav,Passengership,1,malaspina,test,155.0,160.0,2,Tanker,0.32295647263526917,0.2086658924818039,0.4366651475429535,0.03171253949403763,0.4366651475429535,0.2086658924818039,False,3.6898717078389165,0.0031699035316705704,False,MALASPINA,Passengership-20160507-043512-4,False,Passengership/4.wav,Passengership
class_vessel_balanced_sampling,small_cnn,passengership-4-000160000ms,Passengership/4.wav,Passengership,1,malaspina,test,160.0,165.0,2,Tanker,0.3272264897823334,0.21502302587032318,0.4239389896392822,0.03381158784031868,0.4239389896392822,0.21502302587032318,False,3.6684002017872452,0.0028519693296402693,False,MALASPINA,Passengership-20160507-043512-4,False,Passengership/4.wav,Passengership
class_vessel_balanced_sampling,small_cnn,passengership-4-000165000ms,Passengership/4.wav,Passengership,1,malaspina,test,165.0,170.0,2,Tanker,0.33943960070610046,0.2422657459974289,0.39179107546806335,0.026503602042794228,0.39179107546806335,0.2422657459974289,False,3.657946404780484,0.0026011362206190825,False,MALASPINA,Passengership-20160507-043512-4,False,Passengership/4.wav,Passengership
class_vessel_balanced_sampling,small_cnn,passengership-4-000170000ms,Passengership/4.wav,Passengership,1,malaspina,test,170.0,175.0,2,Tanker,0.3433995544910431,0.22610320150852203,0.4052356481552124,0.025261638686060905,0.4052356481552124,0.22610320150852203,False,3.1455029178470806,0.0029463511891663074,False,MALASPINA,Passengership-20160507-043512-4,False,Passengership/4.wav,Passengership
class_vessel_balanced_sampling,small_cnn,passengership-4-000175000ms,Passengership/4.wav,Passengership,1,malaspina,test,175.0,180.0,2,Tanker,0.34623977541923523,0.22952279448509216,0.40154871344566345,0.022688720375299454,0.40154871344566345,0.22952279448509216,False,3.121193894923896,0.002814537612721324,False,MALASPINA,Passengership-20160507-043512-4,False,Passengership/4.wav,Passengership
class_vessel_balanced_sampling,small_cnn,passengership-4-000180000ms,Passengership/4.wav,Passengership,1,malaspina,test,180.0,185.0,2,Tanker,0.35341334342956543,0.22124536335468292,0.39538514614105225,0.029956145212054253,0.39538514614105225,0.22124536335468292,False,2.958480228097014,0.0026645187754184008,False,MALASPINA,Passengership-20160507-043512-4,False,Passengership/4.wav,Passengership
class_vessel_balanced_sampling,small_cnn,passengership-4-000185000ms,Passengership/4.wav,Passengership,1,malaspina,test,185.0,190.0,2,Tanker,0.3668120801448822,0.22647762298583984,0.3763768970966339,0.03033333644270897,0.3763768970966339,0.22647762298583984,False,3.0555145483046964,0.0022715297527611256,False,MALASPINA,Passengership-20160507-043512-4,False,Passengership/4.wav,Passengership
class_vessel_balanced_sampling,small_cnn,passengership-4-000190000ms,Passengership/4.wav,Passengership,1,malaspina,test,190.0,195.0,2,Tanker,0.35457897186279297,0.23468849062919617,0.3846556544303894,0.026076890528202057,0.3846556544303894,0.23468849062919617,False,3.0514883922287797,0.002744593657553196,False,MALASPINA,Passengership-20160507-043512-4,False,Passengership/4.wav,Passengership
class_vessel_balanced_sampling,small_cnn,passengership-4-000195000ms,Passengership/4.wav,Passengership,1,malaspina,test,195.0,200.0,2,Tanker,0.35619714856147766,0.24560309946537018,0.3669359087944031,0.03126377612352371,0.3669359087944031,0.24560309946537018,False,3.630974700768146,0.002629013964906335,False,MALASPINA,Passengership-20160507-043512-4,True,Passengership/4.wav,Passengership
class_vessel_balanced_sampling,small_cnn,tanker-19-000000000ms,Tanker/19.wav,Tanker,2,caribbean spirit,test,0.0,5.0,0,Cargo,0.41019827127456665,0.28719231486320496,0.28681156039237976,0.01579781249165535,0.41019827127456665,0.28681156039237976,False,3.1334368963731642,0.011208790354430676,False,CARIBBEAN SPIRIT,Tanker-20160625-141954-19,True,Tanker/19.wav,Tanker
class_vessel_balanced_sampling,small_cnn,tanker-19-000005000ms,Tanker/19.wav,Tanker,2,caribbean spirit,test,5.0,10.0,0,Cargo,0.40576642751693726,0.3005961775779724,0.2750895619392395,0.018547864630818367,0.40576642751693726,0.2750895619392395,False,3.14793222224943,0.01051277108490467,False,CARIBBEAN SPIRIT,Tanker-20160625-141954-19,True,Tanker/19.wav,Tanker
class_vessel_balanced_sampling,small_cnn,tanker-5-000000000ms,Tanker/5.wav,Tanker,2,lynda victory,test,0.0,5.0,2,Tanker,0.34075674414634705,0.2193998396396637,0.4148024618625641,0.025040993466973305,0.4148024618625641,0.4148024618625641,True,2.3031884029767173,0.00696135126054287,False,LYNDA VICTORY,Tanker-20160519-123958-5,True,Tanker/5.wav,Tanker
class_vessel_balanced_sampling,small_cnn,tanker-5-000005000ms,Tanker/5.wav,Tanker,2,lynda victory,test,5.0,10.0,2,Tanker,0.3532956540584564,0.24464987218379974,0.38390296697616577,0.018151454627513885,0.38390296697616577,0.38390296697616577,True,3.789772037158807,0.004605164751410484,False,LYNDA VICTORY,Tanker-20160519-123958-5,False,Tanker/5.wav,Tanker
class_vessel_balanced_sampling,small_cnn,tanker-5-000010000ms,Tanker/5.wav,Tanker,2,lynda victory,test,10.0,15.0,2,Tanker,0.3478693962097168,0.2290949821472168,0.40374210476875305,0.01929352432489395,0.40374210476875305,0.40374210476875305,True,3.0808821078881223,0.006256985478103161,False,LYNDA VICTORY,Tanker-20160519-123958-5,False,Tanker/5.wav,Tanker
class_vessel_balanced_sampling,small_cnn,tanker-5-000015000ms,Tanker/5.wav,Tanker,2,lynda victory,test,15.0,20.0,2,Tanker,0.356128990650177,0.25114721059799194,0.3750871419906616,0.017636679112911224,0.3750871419906616,0.3750871419906616,True,3.599188111758565,0.004443682264536619,False,LYNDA VICTORY,Tanker-20160519-123958-5,False,Tanker/5.wav,Tanker
class_vessel_balanced_sampling,small_cnn,tanker-5-000020000ms,Tanker/5.wav,Tanker,2,lynda victory,test,20.0,25.0,2,Tanker,0.35686156153678894,0.2471405416727066,0.3782943785190582,0.017703456804156303,0.3782943785190582,0.3782943785190582,True,3.323683654674397,0.0040140170603990555,False,LYNDA VICTORY,Tanker-20160519-123958-5,False,Tanker/5.wav,Tanker
class_vessel_balanced_sampling,small_cnn,tanker-5-000025000ms,Tanker/5.wav,Tanker,2,lynda victory,test,25.0,30.0,2,Tanker,0.3564523160457611,0.2298460751771927,0.39251458644866943,0.021187037229537964,0.39251458644866943,0.39251458644866943,True,2.5741326499910473,0.007061864715069532,False,LYNDA VICTORY,Tanker-20160519-123958-5,False,Tanker/5.wav,Tanker
class_vessel_balanced_sampling,small_cnn,tanker-5-000030000ms,Tanker/5.wav,Tanker,2,lynda victory,test,30.0,35.0,2,Tanker,0.34960365295410156,0.2151997834444046,0.4124475419521332,0.02274906076490879,0.4124475419521332,0.4124475419521332,True,2.3147660655947546,0.006034678313881159,False,LYNDA VICTORY,Tanker-20160519-123958-5,False,Tanker/5.wav,Tanker
class_vessel_balanced_sampling,small_cnn,tanker-5-000035000ms,Tanker/5.wav,Tanker,2,lynda victory,test,35.0,40.0,2,Tanker,0.35610318183898926,0.2345646321773529,0.3886391520500183,0.02069302462041378,0.3886391520500183,0.3886391520500183,True,2.621691258112241,0.0036019268445670605,False,LYNDA VICTORY,Tanker-20160519-123958-5,False,Tanker/5.wav,Tanker
class_vessel_balanced_sampling,small_cnn,tanker-5-000040000ms,Tanker/5.wav,Tanker,2,lynda victory,test,40.0,45.0,2,Tanker,0.3515271842479706,0.24150091409683228,0.3854701817035675,0.02150176279246807,0.3854701817035675,0.3854701817035675,True,3.0851748028627988,0.004481923300772905,False,LYNDA VICTORY,Tanker-20160519-123958-5,True,Tanker/5.wav,Tanker
class_vessel_balanced_sampling,small_cnn,tanker-50-000000000ms,Tanker/50.wav,Tanker,2,ocean reliance,test,0.0,5.0,0,Cargo,0.432314932346344,0.21912668645381927,0.3337031900882721,0.014855140820145607,0.432314932346344,0.3337031900882721,False,2.780014988476937,0.0010080666979774833,False,OCEAN RELIANCE,Tanker-20161101-053459-50,True,Tanker/50.wav,Tanker
class_vessel_balanced_sampling,small_cnn,tanker-50-000005000ms,Tanker/50.wav,Tanker,2,ocean reliance,test,5.0,10.0,0,Cargo,0.4237985908985138,0.2174096405506134,0.33686354756355286,0.021928323432803154,0.4237985908985138,0.33686354756355286,False,2.3131407534205954,0.0009491307428106666,False,OCEAN RELIANCE,Tanker-20161101-053459-50,True,Tanker/50.wav,Tanker
class_vessel_balanced_sampling,small_cnn,tug-40-000000000ms,Tug/40.wav,Tug,3,seaspan commander,test,0.0,5.0,2,Tanker,0.2444629818201065,0.14889414608478546,0.3593195378780365,0.24732330441474915,0.3593195378780365,0.24732330441474915,False,11.491029164248687,0.0027589222881942987,False,SEASPAN COMMANDER,Tug-20171203-113510-40,True,Tug/40.wav,Tug
class_vessel_balanced_sampling,small_cnn,tug-40-000005000ms,Tug/40.wav,Tug,3,seaspan commander,test,5.0,10.0,2,Tanker,0.26444369554519653,0.1475292295217514,0.41725918650627136,0.17076793313026428,0.41725918650627136,0.17076793313026428,False,9.465549387260838,0.005581630393862724,False,SEASPAN COMMANDER,Tug-20171203-113510-40,False,Tug/40.wav,Tug
class_vessel_balanced_sampling,small_cnn,tug-40-000010000ms,Tug/40.wav,Tug,3,seaspan commander,test,10.0,15.0,2,Tanker,0.2897301912307739,0.19411112368106842,0.38173043727874756,0.1344282180070877,0.38173043727874756,0.1344282180070877,False,8.508944077515803,0.004333066754043102,False,SEASPAN COMMANDER,Tug-20171203-113510-40,False,Tug/40.wav,Tug
class_vessel_balanced_sampling,small_cnn,tug-40-000015000ms,Tug/40.wav,Tug,3,seaspan commander,test,15.0,20.0,2,Tanker,0.2761049270629883,0.18080472946166992,0.3706218898296356,0.1724684238433838,0.3706218898296356,0.1724684238433838,False,9.63134725251299,0.003658524015918374,False,SEASPAN COMMANDER,Tug-20171203-113510-40,False,Tug/40.wav,Tug
class_vessel_balanced_sampling,small_cnn,tug-40-000020000ms,Tug/40.wav,Tug,3,seaspan commander,test,20.0,25.0,2,Tanker,0.27176007628440857,0.1673712432384491,0.404182493686676,0.1566862165927887,0.404182493686676,0.1566862165927887,False,9.19622959046537,0.00423783203586936,False,SEASPAN COMMANDER,Tug-20171203-113510-40,False,Tug/40.wav,Tug
class_vessel_balanced_sampling,small_cnn,tug-40-000025000ms,Tug/40.wav,Tug,3,seaspan commander,test,25.0,30.0,2,Tanker,0.28935062885284424,0.17984043061733246,0.38900747895240784,0.14180143177509308,0.38900747895240784,0.14180143177509308,False,8.705828565021173,0.0032374158035963774,False,SEASPAN COMMANDER,Tug-20171203-113510-40,False,Tug/40.wav,Tug
class_vessel_balanced_sampling,small_cnn,tug-40-000030000ms,Tug/40.wav,Tug,3,seaspan commander,test,30.0,35.0,2,Tanker,0.2628948390483856,0.1572255641222,0.3889184594154358,0.19096113741397858,0.3889184594154358,0.19096113741397858,False,10.197933569115452,0.002597099170088768,False,SEASPAN COMMANDER,Tug-20171203-113510-40,False,Tug/40.wav,Tug
class_vessel_balanced_sampling,small_cnn,tug-40-000035000ms,Tug/40.wav,Tug,3,seaspan commander,test,35.0,40.0,2,Tanker,0.30234426259994507,0.19111506640911102,0.38100025057792664,0.12554043531417847,0.38100025057792664,0.12554043531417847,False,8.4273499203462,0.0019100187346339226,False,SEASPAN COMMANDER,Tug-20171203-113510-40,False,Tug/40.wav,Tug
class_vessel_balanced_sampling,small_cnn,tug-40-000040000ms,Tug/40.wav,Tug,3,seaspan commander,test,40.0,45.0,2,Tanker,0.3195823132991791,0.2102096974849701,0.37575840950012207,0.09444966167211533,0.37575840950012207,0.09444966167211533,False,7.408354092022507,0.0032765467185527086,False,SEASPAN COMMANDER,Tug-20171203-113510-40,False,Tug/40.wav,Tug
class_vessel_balanced_sampling,small_cnn,tug-40-000045000ms,Tug/40.wav,Tug,3,seaspan commander,test,45.0,50.0,2,Tanker,0.3042437732219696,0.19161663949489594,0.391957551240921,0.11218198388814926,0.391957551240921,0.11218198388814926,False,7.900768278151414,0.0024815830402076244,False,SEASPAN COMMANDER,Tug-20171203-113510-40,False,Tug/40.wav,Tug
class_vessel_balanced_sampling,small_cnn,tug-40-000050000ms,Tug/40.wav,Tug,3,seaspan commander,test,50.0,55.0,2,Tanker,0.30409538745880127,0.1845783144235611,0.4241824746131897,0.08714377880096436,0.4241824746131897,0.08714377880096436,False,6.519401605225795,0.004929916001856327,False,SEASPAN COMMANDER,Tug-20171203-113510-40,False,Tug/40.wav,Tug
class_vessel_balanced_sampling,small_cnn,tug-40-000055000ms,Tug/40.wav,Tug,3,seaspan commander,test,55.0,60.0,2,Tanker,0.3009791672229767,0.19629542529582977,0.39424729347229004,0.10847815126180649,0.39424729347229004,0.10847815126180649,False,7.604475035611734,0.0034505268558859825,False,SEASPAN COMMANDER,Tug-20171203-113510-40,False,Tug/40.wav,Tug
class_vessel_balanced_sampling,small_cnn,tug-40-000060000ms,Tug/40.wav,Tug,3,seaspan commander,test,60.0,65.0,2,Tanker,0.2870141863822937,0.16333650052547455,0.41380569338798523,0.13584353029727936,0.41380569338798523,0.13584353029727936,False,8.609402676048735,0.004297083243727684,False,SEASPAN COMMANDER,Tug-20171203-113510-40,False,Tug/40.wav,Tug
class_vessel_balanced_sampling,small_cnn,tug-40-000065000ms,Tug/40.wav,Tug,3,seaspan commander,test,65.0,70.0,2,Tanker,0.2845957577228546,0.1608952134847641,0.4403970539569855,0.1141120046377182,0.4403970539569855,0.1141120046377182,False,7.6196929093941375,0.005749181844294071,False,SEASPAN COMMANDER,Tug-20171203-113510-40,False,Tug/40.wav,Tug
class_vessel_balanced_sampling,small_cnn,tug-40-000070000ms,Tug/40.wav,Tug,3,seaspan commander,test,70.0,75.0,2,Tanker,0.318961501121521,0.2133951038122177,0.3800825774669647,0.08756083250045776,0.3800825774669647,0.08756083250045776,False,7.134766877238031,0.0028873425908386707,False,SEASPAN COMMANDER,Tug-20171203-113510-40,False,Tug/40.wav,Tug
class_vessel_balanced_sampling,small_cnn,tug-40-000075000ms,Tug/40.wav,Tug,3,seaspan commander,test,75.0,80.0,2,Tanker,0.3142413794994354,0.20682844519615173,0.390884667634964,0.08804542571306229,0.390884667634964,0.08804542571306229,False,6.884018469439798,0.004911752883344889,False,SEASPAN COMMANDER,Tug-20171203-113510-40,False,Tug/40.wav,Tug
class_vessel_balanced_sampling,small_cnn,tug-40-000080000ms,Tug/40.wav,Tug,3,seaspan commander,test,80.0,85.0,2,Tanker,0.31301558017730713,0.2121444195508957,0.3858339786529541,0.08900604397058487,0.3858339786529541,0.08900604397058487,False,6.864491677381214,0.005275181028991938,False,SEASPAN COMMANDER,Tug-20171203-113510-40,False,Tug/40.wav,Tug
class_vessel_balanced_sampling,small_cnn,tug-40-000085000ms,Tug/40.wav,Tug,3,seaspan commander,test,85.0,90.0,2,Tanker,0.3236999213695526,0.2209431678056717,0.3421514332294464,0.11320547014474869,0.3421514332294464,0.11320547014474869,False,8.041186388334388,0.0023316754959523678,False,SEASPAN COMMANDER,Tug-20171203-113510-40,False,Tug/40.wav,Tug
class_vessel_balanced_sampling,small_cnn,tug-40-000090000ms,Tug/40.wav,Tug,3,seaspan commander,test,90.0,95.0,2,Tanker,0.31953078508377075,0.21639347076416016,0.3816734254360199,0.08240237087011337,0.3816734254360199,0.08240237087011337,False,6.601220986446934,0.004598226863890886,False,SEASPAN COMMANDER,Tug-20171203-113510-40,False,Tug/40.wav,Tug
class_vessel_balanced_sampling,small_cnn,tug-40-000095000ms,Tug/40.wav,Tug,3,seaspan commander,test,95.0,100.0,0,Cargo,0.331626832485199,0.24452771246433258,0.3281714916229248,0.09567403793334961,0.331626832485199,0.09567403793334961,False,7.9653141385418085,0.0019245338626205921,False,SEASPAN COMMANDER,Tug-20171203-113510-40,False,Tug/40.wav,Tug
class_vessel_balanced_sampling,small_cnn,tug-40-000100000ms,Tug/40.wav,Tug,3,seaspan commander,test,100.0,105.0,2,Tanker,0.31884196400642395,0.2347537875175476,0.34125030040740967,0.10515391081571579,0.34125030040740967,0.10515391081571579,False,8.161471972694956,0.0020152446813881397,False,SEASPAN COMMANDER,Tug-20171203-113510-40,False,Tug/40.wav,Tug
class_vessel_balanced_sampling,small_cnn,tug-40-000105000ms,Tug/40.wav,Tug,3,seaspan commander,test,105.0,110.0,2,Tanker,0.33387425541877747,0.24982072412967682,0.35246485471725464,0.0638401061296463,0.35246485471725464,0.0638401061296463,False,6.121516200856742,0.0024009509943425655,False,SEASPAN COMMANDER,Tug-20171203-113510-40,False,Tug/40.wav,Tug
class_vessel_balanced_sampling,small_cnn,tug-40-000110000ms,Tug/40.wav,Tug,3,seaspan commander,test,110.0,115.0,2,Tanker,0.32367464900016785,0.23292571306228638,0.370459645986557,0.07293998450040817,0.370459645986557,0.07293998450040817,False,6.084151424367539,0.003535886760801077,False,SEASPAN COMMANDER,Tug-20171203-113510-40,False,Tug/40.wav,Tug
class_vessel_balanced_sampling,small_cnn,tug-40-000115000ms,Tug/40.wav,Tug,3,seaspan commander,test,115.0,120.0,2,Tanker,0.3245626389980316,0.21755051612854004,0.38863804936408997,0.0692487359046936,0.38863804936408997,0.0692487359046936,False,5.684326119970413,0.004412714391946793,False,SEASPAN COMMANDER,Tug-20171203-113510-40,False,Tug/40.wav,Tug
class_vessel_balanced_sampling,small_cnn,tug-40-000120000ms,Tug/40.wav,Tug,3,seaspan commander,test,120.0,125.0,2,Tanker,0.32016947865486145,0.21023352444171906,0.3862971067428589,0.08329989016056061,0.3862971067428589,0.08329989016056061,False,6.3807919880487525,0.0032351878471672535,False,SEASPAN COMMANDER,Tug-20171203-113510-40,False,Tug/40.wav,Tug
class_vessel_balanced_sampling,small_cnn,tug-40-000125000ms,Tug/40.wav,Tug,3,seaspan commander,test,125.0,130.0,2,Tanker,0.3190811276435852,0.20663027465343475,0.4039958119392395,0.07029277086257935,0.4039958119392395,0.07029277086257935,False,5.631940744788515,0.004191653337329626,False,SEASPAN COMMANDER,Tug-20171203-113510-40,False,Tug/40.wav,Tug
class_vessel_balanced_sampling,small_cnn,tug-40-000130000ms,Tug/40.wav,Tug,3,seaspan commander,test,130.0,135.0,2,Tanker,0.3136909306049347,0.213994100689888,0.41009482741355896,0.06222013384103775,0.41009482741355896,0.06222013384103775,False,5.080016947560468,0.006159800570458174,False,SEASPAN COMMANDER,Tug-20171203-113510-40,False,Tug/40.wav,Tug
class_vessel_balanced_sampling,small_cnn,tug-40-000135000ms,Tug/40.wav,Tug,3,seaspan commander,test,135.0,140.0,2,Tanker,0.32507529854774475,0.25600358843803406,0.3574031591415405,0.06151791661977768,0.3574031591415405,0.06151791661977768,False,5.980134739046518,0.0037209398578852415,False,SEASPAN COMMANDER,Tug-20171203-113510-40,False,Tug/40.wav,Tug
class_vessel_balanced_sampling,small_cnn,tug-40-000140000ms,Tug/40.wav,Tug,3,seaspan commander,test,140.0,145.0,2,Tanker,0.311624139547348,0.21411456167697906,0.4000086188316345,0.07425267994403839,0.4000086188316345,0.07425267994403839,False,6.10877244878201,0.005780295003205538,False,SEASPAN COMMANDER,Tug-20171203-113510-40,False,Tug/40.wav,Tug
class_vessel_balanced_sampling,small_cnn,tug-40-000145000ms,Tug/40.wav,Tug,3,seaspan commander,test,145.0,150.0,2,Tanker,0.32515275478363037,0.23004281520843506,0.37920209765434265,0.06560230255126953,0.37920209765434265,0.06560230255126953,False,5.848080120931703,0.003024849807843566,False,SEASPAN COMMANDER,Tug-20171203-113510-40,False,Tug/40.wav,Tug
class_vessel_balanced_sampling,small_cnn,tug-40-000150000ms,Tug/40.wav,Tug,3,seaspan commander,test,150.0,155.0,2,Tanker,0.3016330897808075,0.20345941185951233,0.41019874811172485,0.08470873534679413,0.41019874811172485,0.08470873534679413,False,6.452646333334232,0.0050920224748551846,False,SEASPAN COMMANDER,Tug-20171203-113510-40,False,Tug/40.wav,Tug
class_vessel_balanced_sampling,small_cnn,tug-40-000155000ms,Tug/40.wav,Tug,3,seaspan commander,test,155.0,160.0,2,Tanker,0.312648206949234,0.21380066871643066,0.3963610529899597,0.07719013839960098,0.3963610529899597,0.07719013839960098,False,6.431504758005661,0.004431885667145252,False,SEASPAN COMMANDER,Tug-20171203-113510-40,False,Tug/40.wav,Tug
class_vessel_balanced_sampling,small_cnn,tug-40-000160000ms,Tug/40.wav,Tug,3,seaspan commander,test,160.0,165.0,2,Tanker,0.3293956518173218,0.23221510648727417,0.36555323004722595,0.0728360190987587,0.36555323004722595,0.0728360190987587,False,6.227652653977284,0.003673749277368188,False,SEASPAN COMMANDER,Tug-20171203-113510-40,False,Tug/40.wav,Tug
class_vessel_balanced_sampling,small_cnn,tug-40-000165000ms,Tug/40.wav,Tug,3,seaspan commander,test,165.0,170.0,2,Tanker,0.33843713998794556,0.24226507544517517,0.35399800539016724,0.06529974192380905,0.35399800539016724,0.06529974192380905,False,6.029694295844187,0.004177388735115528,False,SEASPAN COMMANDER,Tug-20171203-113510-40,False,Tug/40.wav,Tug
class_vessel_balanced_sampling,small_cnn,tug-40-000170000ms,Tug/40.wav,Tug,3,seaspan commander,test,170.0,175.0,2,Tanker,0.32644593715667725,0.25157439708709717,0.36200466752052307,0.059975020587444305,0.36200466752052307,0.059975020587444305,False,5.330525751742969,0.003528747707605362,False,SEASPAN COMMANDER,Tug-20171203-113510-40,False,Tug/40.wav,Tug
class_vessel_balanced_sampling,small_cnn,tug-40-000175000ms,Tug/40.wav,Tug,3,seaspan commander,test,175.0,180.0,2,Tanker,0.32769346237182617,0.2548946738243103,0.3707605302333832,0.04665137082338333,0.3707605302333832,0.04665137082338333,False,4.642530298014814,0.005571306683123112,False,SEASPAN COMMANDER,Tug-20171203-113510-40,False,Tug/40.wav,Tug
class_vessel_balanced_sampling,small_cnn,tug-40-000180000ms,Tug/40.wav,Tug,3,seaspan commander,test,180.0,185.0,2,Tanker,0.32220458984375,0.2392253875732422,0.38738560676574707,0.051184412091970444,0.38738560676574707,0.051184412091970444,False,4.545560219088571,0.0054168072529137135,False,SEASPAN COMMANDER,Tug-20171203-113510-40,False,Tug/40.wav,Tug
class_vessel_balanced_sampling,small_cnn,tug-40-000185000ms,Tug/40.wav,Tug,3,seaspan commander,test,185.0,190.0,2,Tanker,0.32874104380607605,0.26118001341819763,0.35923296213150024,0.05084594339132309,0.35923296213150024,0.05084594339132309,False,5.126977269021447,0.0040992796421051025,False,SEASPAN COMMANDER,Tug-20171203-113510-40,False,Tug/40.wav,Tug
class_vessel_balanced_sampling,small_cnn,tug-40-000190000ms,Tug/40.wav,Tug,3,seaspan commander,test,190.0,195.0,2,Tanker,0.325221449136734,0.2401149570941925,0.3846534788608551,0.050010085105895996,0.3846534788608551,0.050010085105895996,False,4.471022088661312,0.006352763157337904,False,SEASPAN COMMANDER,Tug-20171203-113510-40,False,Tug/40.wav,Tug
class_vessel_balanced_sampling,small_cnn,tug-40-000195000ms,Tug/40.wav,Tug,3,seaspan commander,test,195.0,200.0,2,Tanker,0.33145275712013245,0.22926847636699677,0.3865794837474823,0.0526992566883564,0.3865794837474823,0.0526992566883564,False,4.6106041408511995,0.004726844374090433,False,SEASPAN COMMANDER,Tug-20171203-113510-40,True,Tug/40.wav,Tug
