class,label_index,feature,standardized_coefficient,positive_rank,negative_rank
Cargo,0,rms,0.39508146421402596,12,62
Cargo,0,crest_factor,-0.6602893412215882,64,10
Cargo,0,zero_crossing_rate,0.146502265847564,27,47
Cargo,0,spectral_centroid_hz_mean,-0.17804155650909886,48,26
Cargo,0,spectral_bandwidth_hz_mean,-0.36405713527833866,59,15
Cargo,0,spectral_rolloff_85_hz_mean,-0.3648351360955939,60,14
Cargo,0,spectral_flatness_mean,0.7096267092902114,4,70
Cargo,0,spectral_centroid_hz_std,0.13186245588232204,28,46
Cargo,0,spectral_bandwidth_hz_std,0.40442834744491196,10,64
Cargo,0,spectral_rolloff_85_hz_std,-1.2146861940284077,72,2
Cargo,0,spectral_flatness_std,-0.1428753745638162,47,27
Cargo,0,band_energy_ratio_10_50_hz,-0.1042255883178318,44,30
Cargo,0,band_energy_ratio_50_100_hz,0.31915122713469307,16,58
Cargo,0,band_energy_ratio_100_250_hz,0.37809297385699403,14,60
Cargo,0,band_energy_ratio_250_500_hz,-0.7907191077707243,66,8
Cargo,0,band_energy_ratio_500_1000_hz,0.38463747233192497,13,61
Cargo,0,band_energy_ratio_1000_2000_hz,-1.017851701051439,69,5
Cargo,0,band_energy_ratio_2000_4000_hz,0.5398310529938374,9,65
Cargo,0,band_energy_ratio_4000_8000_hz,0.3028449046989671,17,57
Cargo,0,dominant_peak_1_frequency_hz,0.10534217164965266,31,43
Cargo,0,dominant_peak_1_relative_power,1.0156804253441574,2,72
Cargo,0,dominant_peak_2_frequency_hz,0.07764398939517254,33,41
Cargo,0,dominant_peak_2_relative_power,-0.22878741434421346,51,23
Cargo,0,dominant_peak_3_frequency_hz,-0.01770691395490846,41,33
Cargo,0,dominant_peak_3_relative_power,-0.2645142674216717,52,22
Cargo,0,dominant_peak_4_frequency_hz,0.03427694821951932,36,38
Cargo,0,dominant_peak_4_relative_power,-0.39547311627537574,61,13
Cargo,0,dominant_peak_5_frequency_hz,0.00986550177246634,39,35
Cargo,0,dominant_peak_5_relative_power,0.6197557131130065,6,68
Cargo,0,detected_peak_count,0.21633710723257468,22,52
Cargo,0,mfcc_1_mean,-0.040720321694599416,43,31
Cargo,0,mfcc_2_mean,0.1927043262882135,23,51
Cargo,0,mfcc_3_mean,-1.2421462183410408,73,1
Cargo,0,mfcc_4_mean,0.5748676718533262,8,66
Cargo,0,mfcc_5_mean,0.2281047675394554,20,54
Cargo,0,mfcc_6_mean,0.06235089707134036,34,40
Cargo,0,mfcc_7_mean,0.18698854198841527,24,50
Cargo,0,mfcc_8_mean,0.5813438907748044,7,67
Cargo,0,mfcc_9_mean,0.0338264406195751,37,37
Cargo,0,mfcc_10_mean,-0.28713356401166473,53,21
Cargo,0,mfcc_11_mean,-0.29130262371647764,55,19
Cargo,0,mfcc_12_mean,0.2264793379397045,21,53
Cargo,0,mfcc_13_mean,-0.2879752377747328,54,20
Cargo,0,mfcc_14_mean,-0.5818328068884863,63,11
Cargo,0,mfcc_15_mean,-0.805279662501188,67,7
Cargo,0,mfcc_16_mean,-0.40234548893263083,62,12
Cargo,0,mfcc_17_mean,-0.8244800954511717,68,6
Cargo,0,mfcc_18_mean,-0.6701894024502196,65,9
Cargo,0,mfcc_19_mean,0.7766915343303259,3,71
Cargo,0,mfcc_20_mean,-1.0661957098241661,70,4
Cargo,0,mfcc_1_std,1.043043426844222,1,73
Cargo,0,mfcc_2_std,0.11994259897416953,29,45
Cargo,0,mfcc_3_std,-1.0673215989789218,71,3
Cargo,0,mfcc_4_std,0.2882752527439644,18,56
Cargo,0,mfcc_5_std,-0.31239307212253836,56,18
Cargo,0,mfcc_6_std,-0.3171307718062249,57,17
Cargo,0,mfcc_7_std,-0.21812906682151265,49,25
Cargo,0,mfcc_8_std,-0.13903818142307398,46,28
Cargo,0,mfcc_9_std,0.35291576670372754,15,59
Cargo,0,mfcc_10_std,-0.22553852883088804,50,24
Cargo,0,mfcc_11_std,-0.12557693133247247,45,29
Cargo,0,mfcc_12_std,0.2611297379119918,19,55
Cargo,0,mfcc_13_std,0.02469930515991618,38,36
Cargo,0,mfcc_14_std,0.1642306353387646,25,49
Cargo,0,mfcc_15_std,0.10153000209479077,32,42
Cargo,0,mfcc_16_std,0.059772904677308746,35,39
Cargo,0,mfcc_17_std,0.004007372104183792,40,34
Cargo,0,mfcc_18_std,0.15223281271582206,26,48
Cargo,0,mfcc_19_std,-0.037260452540489944,42,32
Cargo,0,mfcc_20_std,0.4016640017908345,11,63
Cargo,0,spectral_flux_mean,0.1103443424576915,30,44
Cargo,0,spectral_flux_std,0.6829895220408587,5,69
Cargo,0,spectral_flux_max,-0.33486491825616344,58,16
Passengership,1,rms,-0.4081894769588895,56,18
Passengership,1,crest_factor,0.26877170312838816,14,60
Passengership,1,zero_crossing_rate,-0.1468877971172103,47,27
Passengership,1,spectral_centroid_hz_mean,0.29539741139411924,12,62
Passengership,1,spectral_bandwidth_hz_mean,0.7507311937510013,3,71
Passengership,1,spectral_rolloff_85_hz_mean,-0.29967321028057864,52,22
Passengership,1,spectral_flatness_mean,-0.0008934557707932974,36,38
Passengership,1,spectral_centroid_hz_std,-0.6528839262197236,64,10
Passengership,1,spectral_bandwidth_hz_std,-0.5185074352932177,59,15
Passengership,1,spectral_rolloff_85_hz_std,0.6429779592336274,5,69
Passengership,1,spectral_flatness_std,-0.2693036470813152,51,23
Passengership,1,band_energy_ratio_10_50_hz,-0.24886214303135046,50,24
Passengership,1,band_energy_ratio_50_100_hz,1.2465978799823496,1,73
Passengership,1,band_energy_ratio_100_250_hz,-1.532367168201814,73,1
Passengership,1,band_energy_ratio_250_500_hz,0.13608906314049043,24,50
Passengership,1,band_energy_ratio_500_1000_hz,0.23407450419010406,16,58
Passengership,1,band_energy_ratio_1000_2000_hz,0.07168000060110527,27,47
Passengership,1,band_energy_ratio_2000_4000_hz,-0.6467820569578684,63,11
Passengership,1,band_energy_ratio_4000_8000_hz,-0.7910465582566226,66,8
Passengership,1,dominant_peak_1_frequency_hz,-0.013963722057367232,38,36
Passengership,1,dominant_peak_1_relative_power,-0.1332465731526431,46,28
Passengership,1,dominant_peak_2_frequency_hz,0.11381975019209499,25,49
Passengership,1,dominant_peak_2_relative_power,-0.08721251713796646,42,32
Passengership,1,dominant_peak_3_frequency_hz,0.2695653288279659,13,61
Passengership,1,dominant_peak_3_relative_power,0.33549823274065066,11,63
Passengership,1,dominant_peak_4_frequency_hz,-0.0011612793088969717,37,37
Passengership,1,dominant_peak_4_relative_power,-0.0655507877636935,41,33
Passengership,1,dominant_peak_5_frequency_hz,0.1854232327409283,18,56
Passengership,1,dominant_peak_5_relative_power,-1.1833868121040465,72,2
Passengership,1,detected_peak_count,0.2579106564542046,15,59
Passengership,1,mfcc_1_mean,-0.061003051267566236,40,34
Passengership,1,mfcc_2_mean,0.3642206771527206,9,65
Passengership,1,mfcc_3_mean,0.01571138232821755,34,40
Passengership,1,mfcc_4_mean,-0.9762914546182586,71,3
Passengership,1,mfcc_5_mean,-0.5172018564494094,58,16
Passengership,1,mfcc_6_mean,0.4767001698443132,8,66
Passengership,1,mfcc_7_mean,0.14403975401882363,23,51
Passengership,1,mfcc_8_mean,-0.8215592913603438,68,6
Passengership,1,mfcc_9_mean,-0.7094852101950267,65,9
Passengership,1,mfcc_10_mean,-0.1252413723137496,45,29
Passengership,1,mfcc_11_mean,0.6452685335786167,4,70
Passengership,1,mfcc_12_mean,-0.8973795488520129,70,4
Passengership,1,mfcc_13_mean,0.4853358752924623,7,67
Passengership,1,mfcc_14_mean,0.024852629726520043,31,43
Passengership,1,mfcc_15_mean,0.05119389866266356,28,46
Passengership,1,mfcc_16_mean,-0.3914862395044833,54,20
Passengership,1,mfcc_17_mean,-0.5031453330434627,57,17
Passengership,1,mfcc_18_mean,-0.5662591412005434,61,13
Passengership,1,mfcc_19_mean,-0.8323884677832304,69,5
Passengership,1,mfcc_20_mean,1.233313461970071,2,72
Passengership,1,mfcc_1_std,0.5726717633018471,6,68
Passengership,1,mfcc_2_std,-0.5709553147264574,62,12
Passengership,1,mfcc_3_std,0.15802175766896456,22,52
Passengership,1,mfcc_4_std,-0.5214703990169743,60,14
Passengership,1,mfcc_5_std,0.20147240712827272,17,57
Passengership,1,mfcc_6_std,-0.1757853058782714,48,26
Passengership,1,mfcc_7_std,0.17515479786363017,20,54
Passengership,1,mfcc_8_std,-0.044376329803509355,39,35
Passengership,1,mfcc_9_std,0.3410625983834711,10,64
Passengership,1,mfcc_10_std,0.11053694983483797,26,48
Passengership,1,mfcc_11_std,-0.1194200921936703,44,30
Passengership,1,mfcc_12_std,0.017442365305770296,33,41
Passengership,1,mfcc_13_std,-0.3377487536191581,53,21
Passengership,1,mfcc_14_std,0.032009713863853206,30,44
Passengership,1,mfcc_15_std,0.041294004964832244,29,45
Passengership,1,mfcc_16_std,-0.11465513526638439,43,31
Passengership,1,mfcc_17_std,-0.20965864405377874,49,25
Passengership,1,mfcc_18_std,0.17786041663197374,19,55
Passengership,1,mfcc_19_std,0.02037959702243008,32,42
Passengership,1,mfcc_20_std,-0.3974693672181424,55,19
Passengership,1,spectral_flux_mean,-0.8174566730157019,67,7
Passengership,1,spectral_flux_std,0.004733603438147888,35,39
Passengership,1,spectral_flux_max,0.15901611404886515,21,53
Tanker,2,rms,0.08755816519266418,37,37
Tanker,2,crest_factor,0.49547000615324005,19,55
Tanker,2,zero_crossing_rate,-0.010799169813982188,45,29
Tanker,2,spectral_centroid_hz_mean,-0.195277600088886,55,19
Tanker,2,spectral_bandwidth_hz_mean,-0.47244360717949013,67,7
Tanker,2,spectral_rolloff_85_hz_mean,0.5568503544255298,18,56
Tanker,2,spectral_flatness_mean,-0.9198082288882697,71,3
Tanker,2,spectral_centroid_hz_std,0.10610768942002714,35,39
Tanker,2,spectral_bandwidth_hz_std,-0.17180132925540237,53,21
Tanker,2,spectral_rolloff_85_hz_std,0.2249808866302071,31,43
Tanker,2,spectral_flatness_std,-0.08505327129566907,50,24
Tanker,2,band_energy_ratio_10_50_hz,0.19243362686120016,32,42
Tanker,2,band_energy_ratio_50_100_hz,-1.4639861448172027,72,2
Tanker,2,band_energy_ratio_100_250_hz,1.2878253901654944,2,72
Tanker,2,band_energy_ratio_250_500_hz,0.6087065622794199,14,60
Tanker,2,band_energy_ratio_500_1000_hz,-0.38637493167073056,64,10
Tanker,2,band_energy_ratio_1000_2000_hz,0.9575423867059061,6,68
Tanker,2,band_energy_ratio_2000_4000_hz,-0.21587162204979707,57,17
Tanker,2,band_energy_ratio_4000_8000_hz,0.3509945456596912,23,51
Tanker,2,dominant_peak_1_frequency_hz,0.013769454352010995,43,31
Tanker,2,dominant_peak_1_relative_power,-0.8353755918485627,70,4
Tanker,2,dominant_peak_2_frequency_hz,-0.04118687449794038,47,27
Tanker,2,dominant_peak_2_relative_power,0.3992867229803089,21,53
Tanker,2,dominant_peak_3_frequency_hz,-0.18270693102375798,54,20
Tanker,2,dominant_peak_3_relative_power,-0.009558625292099623,44,30
Tanker,2,dominant_peak_4_frequency_hz,-0.1052215797338023,51,23
Tanker,2,dominant_peak_4_relative_power,0.5931819440487778,16,58
Tanker,2,dominant_peak_5_frequency_hz,-0.23022428422514338,58,16
Tanker,2,dominant_peak_5_relative_power,0.6665295940732084,13,61
Tanker,2,detected_peak_count,-0.4649300273217989,66,8
Tanker,2,mfcc_1_mean,0.2795911476522622,25,49
Tanker,2,mfcc_2_mean,-0.2998863509988717,60,14
Tanker,2,mfcc_3_mean,1.3878503493842105,1,73
Tanker,2,mfcc_4_mean,0.34987300690264167,24,50
Tanker,2,mfcc_5_mean,0.2767125240688391,26,48
Tanker,2,mfcc_6_mean,-0.06595213002101824,48,26
Tanker,2,mfcc_7_mean,-0.4616710333267084,65,9
Tanker,2,mfcc_8_mean,0.38176454590020314,22,52
Tanker,2,mfcc_9_mean,0.9485881769199589,7,67
Tanker,2,mfcc_10_mean,0.8897034325560638,9,65
Tanker,2,mfcc_11_mean,-0.14079197412084613,52,22
Tanker,2,mfcc_12_mean,0.8313671092063969,11,63
Tanker,2,mfcc_13_mean,-0.23795918470274116,59,15
Tanker,2,mfcc_14_mean,0.8289021474286061,12,62
Tanker,2,mfcc_15_mean,1.031768035758505,3,71
Tanker,2,mfcc_16_mean,0.5791894370962903,17,57
Tanker,2,mfcc_17_mean,0.9806179106972541,5,69
Tanker,2,mfcc_18_mean,0.8496772658750734,10,64
Tanker,2,mfcc_19_mean,0.04141998739998139,40,34
Tanker,2,mfcc_20_mean,0.2546869751471775,28,46
Tanker,2,mfcc_1_std,-1.5190059615442957,73,1
Tanker,2,mfcc_2_std,0.6034160738425232,15,59
Tanker,2,mfcc_3_std,0.9170515236046645,8,66
Tanker,2,mfcc_4_std,0.27400827313305304,27,47
Tanker,2,mfcc_5_std,0.0690926989393774,38,36
Tanker,2,mfcc_6_std,0.45455040017392667,20,54
Tanker,2,mfcc_7_std,0.018983954863758055,42,32
Tanker,2,mfcc_8_std,0.1771572792262132,33,41
Tanker,2,mfcc_9_std,-0.8312138594483919,69,5
Tanker,2,mfcc_10_std,-0.071966162399038,49,25
Tanker,2,mfcc_11_std,0.10050662450689779,36,38
Tanker,2,mfcc_12_std,-0.3608085916696953,63,11
Tanker,2,mfcc_13_std,0.25054690935935436,30,44
Tanker,2,mfcc_14_std,-0.20750011434913618,56,18
Tanker,2,mfcc_15_std,-0.31285235331021416,61,13
Tanker,2,mfcc_16_std,0.01942116199840473,41,33
Tanker,2,mfcc_17_std,0.14234913998968865,34,40
Tanker,2,mfcc_18_std,-0.3471896896536461,62,12
Tanker,2,mfcc_19_std,0.055408915692297535,39,35
Tanker,2,mfcc_20_std,-0.02765391523908473,46,28
Tanker,2,spectral_flux_mean,1.0218738253977824,4,70
Tanker,2,spectral_flux_std,-0.6223979031346039,68,6
Tanker,2,spectral_flux_max,0.25258914667035065,29,45
Tug,3,rms,-0.07445015244780138,48,26
Tug,3,crest_factor,-0.10395236806004186,54,20
Tug,3,zero_crossing_rate,0.011184701083626632,37,37
Tug,3,spectral_centroid_hz_mean,0.07792174520386289,20,54
Tug,3,spectral_bandwidth_hz_mean,0.08576954870683154,18,56
Tug,3,spectral_rolloff_85_hz_mean,0.10765799195064632,17,57
Tug,3,spectral_flatness_mean,0.21107497536885578,9,65
Tug,3,spectral_centroid_hz_std,0.4149137809173736,2,72
Tug,3,spectral_bandwidth_hz_std,0.2858804171037064,7,67
Tug,3,spectral_rolloff_85_hz_std,0.34672734816456413,5,69
Tug,3,spectral_flatness_std,0.4972322929407937,1,73
Tug,3,band_energy_ratio_10_50_hz,0.16065410448797926,12,62
Tug,3,band_energy_ratio_50_100_hz,-0.10176296229983514,52,22
Tug,3,band_energy_ratio_100_250_hz,-0.13355119582067007,57,17
Tug,3,band_energy_ratio_250_500_hz,0.04592348235080658,25,49
Tug,3,band_energy_ratio_500_1000_hz,-0.23233704485130147,65,9
Tug,3,band_energy_ratio_1000_2000_hz,-0.01137068625557242,41,33
Tug,3,band_energy_ratio_2000_4000_hz,0.3228226260138188,6,68
Tug,3,band_energy_ratio_4000_8000_hz,0.13720710789796275,15,59
Tug,3,dominant_peak_1_frequency_hz,-0.10514790394429704,55,19
Tug,3,dominant_peak_1_relative_power,-0.04705826034294662,44,30
Tug,3,dominant_peak_2_frequency_hz,-0.15027686508932128,59,15
Tug,3,dominant_peak_2_relative_power,-0.0832867914981288,50,24
Tug,3,dominant_peak_3_frequency_hz,-0.0691514838492988,47,27
Tug,3,dominant_peak_3_relative_power,-0.06142534002687764,45,29
Tug,3,dominant_peak_4_frequency_hz,0.07210591082317841,21,53
Tug,3,dominant_peak_4_relative_power,-0.13215804000970807,56,18
Tug,3,dominant_peak_5_frequency_hz,0.03493554971174541,30,44
Tug,3,dominant_peak_5_relative_power,-0.10289849508217351,53,21
Tug,3,detected_peak_count,-0.009317736364976865,40,34
Tug,3,mfcc_1_mean,-0.17786777469009585,63,11
Tug,3,mfcc_2_mean,-0.25703865244205765,66,8
Tug,3,mfcc_3_mean,-0.1614155133713879,62,12
Tug,3,mfcc_4_mean,0.0515507758622933,24,50
Tug,3,mfcc_5_mean,0.012384564841118485,35,39
Tug,3,mfcc_6_mean,-0.47309893689463295,72,2
Tug,3,mfcc_7_mean,0.1306427373194736,16,58
Tug,3,mfcc_8_mean,-0.14154914531466523,58,16
Tug,3,mfcc_9_mean,-0.2729294073445097,68,6
Tug,3,mfcc_10_mean,-0.47732849623064627,73,1
Tug,3,mfcc_11_mean,-0.21317393574128973,64,10
Tug,3,mfcc_12_mean,-0.16046689829408325,61,13
Tug,3,mfcc_13_mean,0.04059854718500538,27,47
Tug,3,mfcc_14_mean,-0.27192197026664616,67,7
Tug,3,mfcc_15_mean,-0.27768227191998307,69,5
Tug,3,mfcc_16_mean,0.21464229134082358,8,66
Tug,3,mfcc_17_mean,0.34700751779738015,4,70
Tug,3,mfcc_18_mean,0.38677127777568465,3,71
Tug,3,mfcc_19_mean,0.014276946052920018,34,40
Tug,3,mfcc_20_mean,-0.4218047272930769,71,3
Tug,3,mfcc_1_std,-0.09670922860177586,51,23
Tug,3,mfcc_2_std,-0.15240335809024197,60,14
Tug,3,mfcc_3_std,-0.007751682294705844,39,35
Tug,3,mfcc_4_std,-0.04081312686003788,43,31
Tug,3,mfcc_5_std,0.041827966054884896,26,48
Tug,3,mfcc_6_std,0.03836567751056883,28,46
Tug,3,mfcc_7_std,0.02399031409412218,31,43
Tug,3,mfcc_8_std,0.006257232000362646,38,36
Tug,3,mfcc_9_std,0.13723549436118726,14,60
Tug,3,mfcc_10_std,0.18696774139508462,10,64
Tug,3,mfcc_11_std,0.14449039901924393,13,61
Tug,3,mfcc_12_std,0.08223648845192622,19,55
Tug,3,mfcc_13_std,0.06250253909988684,23,51
Tug,3,mfcc_14_std,0.011259765146517595,36,38
Tug,3,mfcc_15_std,0.17002834625058455,11,63
Tug,3,mfcc_16_std,0.03546106859066139,29,45
Tug,3,mfcc_17_std,0.06330213195990139,22,52
Tug,3,mfcc_18_std,0.017096460305850516,33,41
Tug,3,mfcc_19_std,-0.03852806017424227,42,32
Tug,3,mfcc_20_std,0.02345928066638887,32,42
Tug,3,spectral_flux_mean,-0.3147614948397681,70,4
Tug,3,spectral_flux_std,-0.06532522234440927,46,28
Tug,3,spectral_flux_max,-0.07674034246305769,49,25
